Amino Acid,CG,CG2,CD,CD2,CE,CE2,CE3,CZ,CZ2,CZ3,CN2,,,
A,,,,,,,,,,,,,,
C,,,,,,,,,,,,,,
D,179.6,,,,,,,,,,,,,
E,36.37,,183.07,,,,,,,,,,,
F,138.8,,131.81,131.81,130.98,130.98,,129.24,,,,,,
G,,,,,,,,,,,,,,
H,131.32,,,119.68,138.01,,,,,,,,,
I,27.63,17.56,13.69,,,,,,,,,,,
K,24.99,,29.15,,42.09,,,,,,,,,
L,26.95,,25.2,23.59,,,,,,,,,,
M,32.14,,,,17.1,,,,,,,,,
N,176.69,,,,,,,,,,,,,
P,27.39,,50.45,,,,,,,,,,,
Q,33.89,,180.03,,,,,,,,,,,
R,27.29,,43.4,,,,,159.56,,,,,,
S,,,,,,,,,,,,,,
T,,21.75,,,,,,,,,,,,
V,21.5,21.38,,,,,,,,,,,,
W,112.9,,127.16,129.68,,139.16,120.47,,114.41,121.47,124.19,,,
Y,129.2,,132.96,133.06,118,118.08,,157.74,,,,,,
,,,,,,,,,,,,,,
